X,Y,fid,objectid,status,arc_street,gis_id,camtype,camid,uid_no,siteno,quadrant,disttno,yrmnth,location,city,status_1,logno,hprtlocati,site_vst_d,comappdate,schllocati,vendname,n_site_id,depl_id,post_spd,tigr_spd,batry_mont,lanes,dplmt_dat,map_final,contact,email,f2ndemail,editedby
-8529791.5928,4767599.0638,1,1, , ,5140,Portable,0, ,0,2,12,0,500 blk West 28th Street EB,Baltimore,Final, , ,,,Career Academy, , , ,0,0, ,0,, ,Phillip Mellerson,phillip.mellerson@baltimorecity.gov,kiesham.brice@baltimorecity.gov,Jason Chang
-8529392.35,4769666.9219,2,2, , ,5141,Portable,0, ,0,2,14,0,100 Blk W. University Parkway EB,Baltimore,Final, , ,,,Hampden Elementary / Middle School, , , ,0,0, ,0,, ,Phillip Mellerson,phillip.mellerson@baltimorecity.gov,kiesham.brice@baltimorecity.gov,Jason Chang
-8529324.81,4769664.4871,3,3, , ,5142,Portable,0, ,0,2,14,0,100 Blk W. University Parkway WB,Baltimore,Final, , ,,,Hampden Elementary / Middle School, , , ,0,0, ,0,, ,Phillip Mellerson,phillip.mellerson@baltimorecity.gov,kiesham.brice@baltimorecity.gov,Jason Chang
-8536905.0661,4773779.4762,4,4, , ,5143,Portable,0, ,0,2,5,0,6100 blk Cross Country Blvd EB,Baltimore,Final, , ,,,Cross Country Elementary / Middle School, , , ,0,0, ,0,, ,Phillip Mellerson,phillip.mellerson@baltimorecity.gov,kiesham.brice@baltimorecity.gov,Jason Chang
-8536827.688,4773768.4761,5,5, , ,5144,Portable,0, ,0,2,5,0,6100 blk Cross Country Blvd WB,Baltimore,Final, , ,,,Cross Country Elementary / Middle School, , , ,0,0, ,0,, ,Phillip Mellerson,phillip.mellerson@baltimorecity.gov,kiesham.brice@baltimorecity.gov,Jason Chang
-8539240.6931,4763527.7758,6,6, , ,5145,Portable,0, ,0,3,8,0,5100 blk Baltimore National Pike EB,Baltimore,Final, , ,,,North Bend Elementary / Middle School, , , ,0,0, ,0,, ,Phillip Mellerson,phillip.mellerson@baltimorecity.gov,kiesham.brice@baltimorecity.gov,Jason Chang
-8539229.0767,4763569.5609,7,7, , ,5146,Portable,0, ,0,3,8,0,5100 blk Baltimore National Pike WB,Baltimore,Final, , ,,,North Bend Elementary / Middle School, , , ,0,0, ,0,, ,Phillip Mellerson,phillip.mellerson@baltimorecity.gov,kiesham.brice@baltimorecity.gov,Jason Chang
-8534153.2206,4766845.7879,8,8,T,Gwynns Falls Pkwy & N Dukeland St,5007,Portable,2, ,2006,2,7,1702,2700 blk Gywnns Falls Pkwy WB,Baltimore,Final,2-2006-2-7-1702, ,2017/04/20 00:00:00+00,2017/06/02 00:00:00+00,Gwynns Falls Elementary School, ,BAP006,BALP006,25,37, ,2,2017/06/17 00:00:00+00,YES,Phillip Mellerson,phillip.mellerson@baltimorecity.gov,kiesham.brice@baltimorecity.gov,Jason Chang
-8522202.4859,4773130.4125,9,9,T,NB  Harford Rd & Christopher Ave,5013,Portable,2, ,2012,1,3,1702,6100 Blk Harford Rd NB                                 ,Baltimore,Final,2-2012-1-3-1702, ,2017/04/20 00:00:00+00,2017/05/08 00:00:00+00,Hamilton Elementary / Middle School, , , ,0,0, ,0,, ,Phillip Mellerson,phillip.mellerson@baltimorecity.gov,kiesham.brice@baltimorecity.gov,Jason Chang
-8523316.4884,4766474.869,10,10,T,Erdman Ave & Sinclair Ln,5022,Portable,2, ,2021,1,13,1702,4300 blk Erdman Ave NB,Baltimore,Final,2-2021-1-13-1702, ,2017/04/20 00:00:00+00,,Archbishop Curley High School, , , ,0,0, ,0,, ,Phillip Mellerson,phillip.mellerson@baltimorecity.gov,kiesham.brice@baltimorecity.gov,Jason Chang
-8534023.4018,4761820.5808,11,11,M,EB Frederick Ave & S Dukeland St,5027,Portable,2, ,2026,3,9,1702,2800 blk Frederick Ave EB,Baltimore,Final,2-2026-3-9-1702, ,2017/04/17 00:00:00+00,2017/05/08 00:00:00+00,Frederick Elementary School, , , ,0,0, ,0,, ,Phillip Mellerson,phillip.mellerson@baltimorecity.gov,kiesham.brice@baltimorecity.gov,Jason Chang
-8533187.6564,4766980.0676,12,12,T,WB Gwynns Falls Pkwy & Reisterstown Rd,5030,Portable,2, ,2029,2,7,1702,2300 blk Gwynns Falls Pkwy EB,Baltimore,Final,2-2029-2-7-1702, ,2017/03/29 00:00:00+00,2017/05/08 00:00:00+00,Frederick Douglass High School, ,BAP001,BALP001,25,37, ,2,2017/05/30 00:00:00+00,YES,Phillip Mellerson,phillip.mellerson@baltimorecity.gov,kiesham.brice@baltimorecity.gov,Jason Chang
-8521236.8722,4767593.405,13,13,T,NB Moravia Rd & Sinclair Ln,5034,Portable,2, ,2033,1,2,1702,5600 blk Moravia Rd NB,Baltimore,Final,2-2033-1-2-1702,Moravia Rd. @ Sinclair Ln.,2017/02/28 00:00:00+00,2017/05/08 00:00:00+00,Vanguard Collegiate Middle School, ,BAP012,BALP012,30,42, ,3,2017/06/20 00:00:00+00,YES,Phillip Mellerson,phillip.mellerson@baltimorecity.gov,kiesham.brice@baltimorecity.gov,Jason Chang
-8521259.0744,4767629.0864,14,14,T,SB Moravia Rd & Sinclair Ln,5035,Portable,2, ,2033,1,2,1702,5600 blk Moravia Rd SB,Baltimore,Final,2-2033-1-2-1702,Moravia Rd. @ Sinclair Ln.,2017/02/28 00:00:00+00,2017/05/08 00:00:00+00,Vanguard Collegiate Middle School, ,BAP011,BALP011,30,42, ,2,2017/06/20 00:00:00+00,YES,Phillip Mellerson,phillip.mellerson@baltimorecity.gov,kiesham.brice@baltimorecity.gov,Jason Chang
-8524873.1052,4773552.8791,15,15,M,Ramblewood Rd &  Hillen  Rd,5041,Fixed,2, ,2039,1,4,1702,6001 Blk NB Hillen Road,Baltimore,Final,2BALP000-1-4-1700, ,2017/03/24 00:00:00+00,2017/07/15 00:00:00+00,Yorkwood Elementary School, , , ,0,0, ,0,, ,Phillip Mellerson,phillip.mellerson@baltimorecity.gov,kiesham.brice@baltimorecity.gov,Jason Chang
-8521127.5989,4771910.6157,16,16,T,Walther Ave & Glenmore Ave,5050,Portable,2, ,2048,3,9,1702,5900 blk Walther Ave. SB,Baltimore,Final,2-2048-3-9-1702,Walther Ave. @ Glenmore Ave.,2017/03/15 00:00:00+00,2017/05/16 00:00:00+00,Glenmount Elementary / Middle School, ,BAP002,BALP002,30,42, ,2,2017/05/31 00:00:00+00,YES,Phillip Mellerson,phillip.mellerson@baltimorecity.gov,kiesham.brice@baltimorecity.gov,Jason Chang
-8537173.6447,4763794.2869,17,17,T,EB Edmondson Ave &  N Athol Ave,5051,Portable,2, ,2049,3,8,1702,4400 blk Edmondson Ave EB,Baltimore,Final,2-2049-3-8-1702, ,2017/04/05 00:00:00+00,2017/05/08 00:00:00+00,Lyndhurt Elementary School, ,BAP003,BALP003,30,42, ,3,2017/06/16 00:00:00+00,YES,Phillip Mellerson,phillip.mellerson@baltimorecity.gov,kiesham.brice@baltimorecity.gov,Jason Chang
-8537164.1504,4763801.5078,18,18,T,WB Edmondson Ave &  N Athol Ave,5052,Portable,2, ,2049,3,8,1702,4400 blk Edmondson Ave WB,Baltimore,Final,2-2049-3-8-1702, ,2017/04/05 00:00:00+00,2017/05/08 00:00:00+00,Lyndhurt Elementary School, ,BAP005,BALP005,30,42, ,3,2017/06/17 00:00:00+00,YES,Phillip Mellerson,phillip.mellerson@baltimorecity.gov,kiesham.brice@baltimorecity.gov,Jason Chang
-8528311.9894,4768107.793,19,19,M,E 29th St & Barclay St,5057,Fixed,2, ,2054,1,12,1702,400 blk E 29th St WB,Baltimore,Final,2-2054-1-12-1702, ,2017/04/26 00:00:00+00,,Barclay Elementary School, , , ,0,0, ,0,, ,Phillip Mellerson,phillip.mellerson@baltimorecity.gov,kiesham.brice@baltimorecity.gov,Jason Chang
-8537478.4408,4769134.8446,20,20, ,Liberty Heights  Ave &  Hillsdale Rd,5001,Portable,2,"""to be determined""",2001,2,5,1702,4400 blk Liberty Heights Ave EB,Baltimore,Final,2-2001-2-5-1702, ,2017/04/05 00:00:00+00,2017/06/02 00:00:00+00,Calvin Rodwell Elementary School, , , ,0,0, ,0,, ,Phillip Mellerson,phillip.mellerson@baltimorecity.gov,kiesham.brice@baltimorecity.gov,Jason Chang
-8534671.8948,4760167.7379,21,21, ,NB & SB Caton Ave & Benson Ave,5002,Portable,2, ,2002,3,10,1702,1200 blk South Caton Ave NB,Baltimore,Final,2-2002-3-10-1702, Caton Ave. @ Benson Ave.,2017/03/15 00:00:00+00,2017/05/08 00:00:00+00,The Seton Keough High School, ,BAP013,BALP013,30,42, ,3,2017/06/21 00:00:00+00,YES,Phillip Mellerson,phillip.mellerson@baltimorecity.gov,kiesham.brice@baltimorecity.gov,Jason Chang
-8531700.7575,4771081.85,22,22, ,W Cold Spring  Ln & Falls Rd,5018,Portable,2, ,2017,2,6,1702,1300 blk West Cold Spring Ln WB,Baltimore,Final,2-2017-2-6-1702,E. Cold Spring  lane & Falls Rd,2017/04/12 00:00:00+00,2017/05/16 00:00:00+00,Western High School, ,BAP007,BALP007,30,42, ,3,2017/06/18 00:00:00+00,YES,Phillip Mellerson,phillip.mellerson@baltimorecity.gov,kiesham.brice@baltimorecity.gov,Jason Chang
-8526812.0472,4769937.9703,23,23, , ,5067,Portable,2, ,2066,1,14,1702,3900 Blk The Alameda WB,Baltimore,Final,2-2066-1-14-1702, ,,2017/06/02 00:00:00+00,St. Elizabeth School, , , ,0,0, ,0,, ,Phillip Mellerson,phillip.mellerson@baltimorecity.gov,kiesham.brice@baltimorecity.gov,Jason Chang
-8530647.6702,4773646.9444,24,24, , ,5076,Portable,2, ,2077,2,4,1702,600 Blk W Northern Pkwy WB,Baltimore,Final,2BALP009-2-5-1708, ,,2017/08/08 00:00:00+00,Gilmor School, , , ,0,0, ,0,, ,Phillip Mellerson,phillip.mellerson@baltimorecity.gov,kiesham.brice@baltimorecity.gov,Jason Chang
-8530632.1545,4773645.3121,25,25, , ,5077,Portable,2, ,2077,2,5,1702,600 Blk W Northern Pkwy EB,Baltimore,Final,2BALP000-2-4-1700, ,,2017/08/08 00:00:00+00,Gilmor School, , , ,0,0, ,0,, ,Phillip Mellerson,phillip.mellerson@baltimorecity.gov,kiesham.brice@baltimorecity.gov,Jason Chang
-8531711.866,4771091.3721,26,26, ,W Cold Spring  Ln & Falls Rd,5018,Portable,2, ,2017,2,6,1702,1300 blk West Cold Spring Ln EB,Baltimore,Final,2-2017-2-6-1702,E. Cold Spring  lane & Falls Rd,2017/04/12 00:00:00+00,2017/05/16 00:00:00+00,Western High School, ,BAP010,BALP010,30,42, ,3,2017/06/18 00:00:00+00,YES,Phillip Mellerson,phillip.mellerson@baltimorecity.gov,kiesham.brice@baltimorecity.gov,Jason Chang
-8531137.459,4759074.9885,27,27, , ,5078,Portable,2, ,0,3,10,1710,2600 blk Waterview Ave EB,Baltimore,Final,2BALP024-10-10-1710, ,2017/06/15 00:00:00+00,2017/07/15 00:00:00+00,Westport Elementary, , , ,0,0, ,0,2017/10/10 00:00:00+00, ,Phillip Mellerson,phillip.mellerson@baltimorecity.gov,kiesham.brice@baltimorecity.gov,Jason Chang
-8531120.7212,4759081.9446,28,28, , ,5079,Portable,2, ,0,3,10,1710,2700 blk Waterview Ave WB,Baltimore,Final,2BALP024-10-10-1710, ,2017/06/15 00:00:00+00,2017/07/15 00:00:00+00,Westport Elementary, , , ,0,0, ,0,2017/10/10 00:00:00+00, ,Phillip Mellerson,phillip.mellerson@baltimorecity.gov,kiesham.brice@baltimorecity.gov,Jason Chang
-8526821.9727,4769329.737,29,29, , ,5080,Portable,2, ,0,1,14,1709,3400 blk NB Loch Raven Blvd,Baltimore,Final,2BALP016-1-14-1709, ,,2017/06/15 00:00:00+00,Baltimore City College, , , ,0,0, ,0,2017/09/25 00:00:00+00, ,Phillip Mellerson,phillip.mellerson@baltimorecity.gov,kiesham.brice@baltimorecity.gov,Jason Chang
-8526844.4026,4769359.7066,30,30, , ,5081,Portable,2, ,0,1,14,1709,3400 blk SB Loch Raven Blvd,Baltimore,Final,2BALP016-1-14-1709, ,,2017/06/15 00:00:00+00,Baltimore City College, , , ,0,0, ,0,2017/09/25 00:00:00+00, ,Phillip Mellerson,phillip.mellerson@baltimorecity.gov,kiesham.brice@baltimorecity.gov,Jason Chang
-8525976.7731,4762996.9659,31,31, , ,5084,Portable,2, ,0,4,1,1702,200 NB S Wolfe St NB,Baltimore,Final,2BALP000-4-1-1700, ,,2017/07/14 00:00:00+00,Wolfe Street Academy, , , ,0,0, ,0,, ,Phillip Mellerson,phillip.mellerson@baltimorecity.gov,kiesham.brice@baltimorecity.gov,Jason Chang
-8526933.0169,4768829.2348,32,32, , ,5086,Portable,2, ,0,1,14,0,WB 1200 33rd St,Baltimore,Final, , ,,,Baltimore City College, , , ,0,0, ,0,, ,Phillip Mellerson,phillip.mellerson@baltimorecity.gov,kiesham.brice@baltimorecity.gov,Jason Chang
-8524849.9288,4773562.702,33,33, , ,5089,Portable,2, ,0,1,4,1702,6000 Hillen Rd SB,Baltimore,Final,2BALP000-1-4-1700, ,,2017/07/15 00:00:00+00,Yorkwood Elementary School, , , ,0,0, ,0,, ,Phillip Mellerson,phillip.mellerson@baltimorecity.gov,kiesham.brice@baltimorecity.gov,Jason Chang
-8523328.8325,4766464.4106,34,34, , ,5090,Portable,2, ,0,1,13,1702,4300 blk Erdman Ave SB,Baltimore,Final, , ,,,Archbishop Curley High School, , , ,0,0, ,0,, ,Phillip Mellerson,phillip.mellerson@baltimorecity.gov,kiesham.brice@baltimorecity.gov,Jason Chang
-8522422.4374,4773222.6179,35,35, , ,5099,Portable,2, ,0,1,3,1708,6100 blk Old Harford Rd NB,Baltimore,Final,2BALP015-1-3-1708, ,,2017/08/24 00:00:00+00,Hamilton Elementary / Middle School, , , ,0,0, ,0,2017/08/23 00:00:00+00, ,Phillip Mellerson,phillip.mellerson@baltimorecity.gov,kiesham.brice@baltimorecity.gov,Jason Chang
-8525038.9984,4768588.494,36,36,M, ,5113,Portable,0, ,0,1,3,0,2400 Erdman Ave NB,Baltimore,Final,2BALP000-1-14-1700, ,2017/04/20 00:00:00+00,2017/10/17 00:00:00+00,Montebello Elementary School, , , ,0,0, ,0,, ,Phillip Mellerson,phillip.mellerson@baltimorecity.gov,kiesham.brice@baltimorecity.gov,Jason Chang
-8525995.7907,4763030.7819,37,37,M, ,5114,Fixed,0, ,0,4,1,0,200 South Wolfe Street - SB,Baltimore,Final,2BALP###-4-1-1700, ,2017/04/05 00:00:00+00,2017/07/14 00:00:00+00,Wolfe Street Academy, , , ,0,0, ,0,, ,Phillip Mellerson,phillip.mellerson@baltimorecity.gov,kiesham.brice@baltimorecity.gov,Jason Chang
-8526041.9386,4774321.4394,38,38,M, ,5116,Portable,0, ,0,1,4,0,1300 East Northern Pkwy - WB,Baltimore,Final,2BALP###-1-4-1700, ,2017/04/17 00:00:00+00,2017/06/02 00:00:00+00,Mercy High School / Leith Walk Elementary School, , , ,0,0, ,0,, ,Phillip Mellerson,phillip.mellerson@baltimorecity.gov,kiesham.brice@baltimorecity.gov,Jason Chang
-8525841.6126,4774283.6318,39,39,M, ,5117,Portable,0, ,0,1,4,0,1200 blk East Northern Pkwy EB,Baltimore,Final,2BALP###-1-4-1700, ,2017/04/17 00:00:00+00,2017/06/02 00:00:00+00,Mercy High School / Leith Walk Elementary School, , , ,0,0, ,0,, ,Phillip Mellerson,phillip.mellerson@baltimorecity.gov,kiesham.brice@baltimorecity.gov,Jason Chang
-8539012.4996,4762389.1599,40,40,M, ,5118,Portable,0, ,0,3,8,0,300 blk North Bend Rd SB,Baltimore,Final,2BALP###-3-8-1700, ,2017/08/25 00:00:00+00,2017/08/28 00:00:00+00,North Bend Elementary / Middle School, , , ,0,0, ,0,, ,Phillip Mellerson,phillip.mellerson@baltimorecity.gov,kiesham.brice@baltimorecity.gov,Jason Chang
-8527168.2803,4765649.6358,41,41,M, ,5120,Portable,0, ,0,1,12,0,1500 Harford Ave NB,Baltimore,Final,2BALP###-1-14-1700, ,2017/04/20 00:00:00+00,2017/08/24 00:00:00+00,Monterbello Elementary / Middle School, , , ,0,0, ,0,, ,Phillip Mellerson,phillip.mellerson@baltimorecity.gov,kiesham.brice@baltimorecity.gov,Jason Chang
-8530875.2354,4772453.0978,42,42,M, ,5121,Portable,0, ,0,2,6,0,5100 Roland Ave SB,Baltimore,Final,2BALP###-2-6-1700, ,2017/04/20 00:00:00+00,,Roland Park Elementary School / Middle School / Roland Park Country School, , , ,0,0, ,0,, ,Phillip Mellerson,phillip.mellerson@baltimorecity.gov,kiesham.brice@baltimorecity.gov,Jason Chang
-8538953.3762,4766477.172,43,43,M, ,5122,Portable,0, ,0,3,8,0,2000- 2300  Forest Park Ave,Baltimore,Final,2BALP###-3-8-1700, ,2017/04/17 00:00:00+00,,Dickey Hill  Elementary School, , , ,0,0, ,0,, ,Phillip Mellerson,phillip.mellerson@baltimorecity.gov,kiesham.brice@baltimorecity.gov,Jason Chang
-8530140.9576,4764908.3667,44,44,M, ,5125,Fixed,0, ,0,3,11,0,1100 Druid Hill Ave SB,Baltimore,Final,BALP###-3-11-1800, ,2017/03/15 00:00:00+00,2017/10/17 00:00:00+00,Furman L. Templeton Elementary School, , , ,0,0, ,0,, ,Phillip Mellerson,phillip.mellerson@baltimorecity.gov,kiesham.brice@baltimorecity.gov,Jason Chang
-8533176.5182,4774551.5457,45,45,M, ,5126,Portable,0, ,0,2,5,0,5900 blk Smith Ave NB,Baltimore,Final,BALP###-2-5-1800, ,2017/03/15 00:00:00+00,2017/10/17 00:00:00+00,The Mount Washington School, , , ,0,0, ,0,, ,Phillip Mellerson,phillip.mellerson@baltimorecity.gov,kiesham.brice@baltimorecity.gov,Jason Chang
-8537726.832,4762058.0225,46,46,M, ,5127,Fixed,0, ,0,3,8,0,4900 Blk Fredrick Ave EB,Baltimore,Final,BALP###-3-8-1800, ,2017/10/16 00:00:00+00,2017/12/13 00:00:00+00,Beechfield Elementary / Middle School, , , ,0,0, ,0,, ,Phillip Mellerson,phillip.mellerson@baltimorecity.gov,kiesham.brice@baltimorecity.gov,Jason Chang
-8534160.7842,4763953.5471,47,47,M, ,5129,Portable,0, ,0,3,9,0,2600 blk Edmondson Ave WB,Baltimore,Final,BALP###-3-9-1800, ,,,Empowerment Academy, , , ,0,0, ,0,, ,Phillip Mellerson,phillip.mellerson@baltimorecity.gov,kiesham.brice@baltimorecity.gov,Jason Chang
-8534077.3513,4763927.9366,48,48,M, ,5130,Portable,0, ,0,3,9,0,2700 blk Edmondson Ave EB,Baltimore,Final,BALP###-3-9-1800, ,,,Empowerment Academy, , , ,0,0, ,0,, ,Phillip Mellerson,phillip.mellerson@baltimorecity.gov,kiesham.brice@baltimorecity.gov,Jason Chang
-8532559.6871,4766815.9824,49,49,M, ,5131,Portable,0, ,0,2,7,0,2400 blk North Monroe St SB,Baltimore,Final,BALP###-2-7-1800, ,2017/09/15 00:00:00+00,2017/11/15 00:00:00+00,Frederick Douglass High School, , , ,0,0, ,0,, ,Phillip Mellerson,phillip.mellerson@baltimorecity.gov,kiesham.brice@baltimorecity.gov,Jason Chang
-8528837.6129,4761093.8437,50,50,M, ,5132,Portable,0, ,0,3,11,0,100 Blk Ostend St EB/WB,Baltimore,Final,BALP###-3-11-1800, ,,,Sharp-Leadenhall Elementary School, , , ,0,0, ,0,, ,Phillip Mellerson,phillip.mellerson@baltimorecity.gov,kiesham.brice@baltimorecity.gov,Jason Chang
-8528621.4506,4766730.2532,51,51,M, ,5133,Fixed,0, ,0,4,12,0,2100 N. Calvert Street NB,Baltimore,Final,BALP###-4-12-1800, ,,,Dallas F. Nicholas Elementary School, , , ,0,0, ,0,, ,Phillip Mellerson,phillip.mellerson@baltimorecity.gov,kiesham.brice@baltimorecity.gov,Jason Chang
-8520076.9356,4763338.7071,52,52,M, ,5134,Portable,0, ,0,3,1,0,300 blk Kane Street NB,Baltimore,Final,2BALP###-3-1-1700, ,2017/06/15 00:00:00+00,2018/02/06 00:00:00+00,Patterson High School, , , ,0,0, ,0,, ,Phillip Mellerson,phillip.mellerson@baltimorecity.gov,kiesham.brice@baltimorecity.gov,Jason Chang
-8525806.0414,4754087.8399,53,53,M, ,5138,Fixed,0, ,0,3,10,0,4401 Pennington Avenue SB,Baltimore,Final,3BALF000-3-10-1800, ,2017/04/03 00:00:00+00,2017/08/28 00:00:00+00,Curis Bay Elementary School, , , ,0,0, ,0,, ,Phillip Mellerson,phillip.mellerson@baltimorecity.gov,kiesham.brice@baltimorecity.gov,Jason Chang
-8527940.5542,4755814.1978,54,54, , ,5139,Fixed,0, ,0,3,10,0,220 East Patapsco Ave EB,Baltimore,Final,3BALF100-30-1801, ,2017/04/03 00:00:00+00,2017/06/02 00:00:00+00,Maree Garnett Farring Elementary School, , , ,0,0, ,0,, ,Phillip Mellerson,phillip.mellerson@baltimorecity.gov,kiesham.brice@baltimorecity.gov,Jason Chang
-8527006.2316,4772541.3358,55,55, , ,5147,Fixed,0, ,0,1,4,0,1100 Woodbourne Ave EB,Baltimore,Final, , ,,,Medfield Height Elementary School, , , ,0,0, ,0,1899/12/30 00:00:00+00, ,Phillip Mellerson,phillip.mellerson@baltimorecity.gov,kiesham.brice@baltimorecity.gov,Jason Chang
-8534712.3969,4760209.8534,56,56, , ,5148,Portable,0, ,0,3,10,0,1200 Blk South Caton Ave SB,Baltimore,Final, , ,,,Violetville Elementary / Middle School, , , ,0,0, ,0,1899/12/30 00:00:00+00, ,Phillip Mellerson,phillip.mellerson@baltimorecity.gov,kiesham.brice@baltimorecity.gov,Jason Chang
-8525431.3136,4773191.0231,57,57, , ,5150,Portable,0, ,0,1,3,0,1600 Blk E. Belvedere Ave WB/EB,Baltimore,Final, , ,,,Yorkwood Elementary School, , , ,0,0, ,0,1899/12/30 00:00:00+00, ,Phillip Mellerson,phillip.mellerson@baltimorecity.gov,kiesham.brice@baltimorecity.gov,Jason Chang
-8528361.8016,4773458.6376,58,58, , ,5151,Portable,0, ,0,1,4,0,5800 Blk Bellona Ave NB,Baltimore,Final, , ,,,Turnbridge Public Charter School, , , ,0,0, ,0,1899/12/30 00:00:00+00, ,Phillip Mellerson,phillip.mellerson@baltimorecity.gov,kiesham.brice@baltimorecity.gov,Jason Chang
-8526089.2254,4765128.1624,59,59, , ,5152,Portable,0, ,0,4,13,0,1000 Blk N. Wolfe St SB,Baltimore,Final, , ,,,Henderson Hopkins Partnership School, , , ,0,0, ,0,1899/12/30 00:00:00+00, ,Phillip Mellerson,phillip.mellerson@baltimorecity.gov,kiesham.brice@baltimorecity.gov,Jason Chang
-8526776.7171,4760457.8673,60,60, , ,5153,Portable,0, ,0,4,11,0,1200 Blk E. Fort Ave EB/WB,Baltimore,Final, , ,,,F. S. Key Elementary / Middle School, , , ,0,0, ,0,1899/12/30 00:00:00+00, ,Phillip Mellerson,phillip.mellerson@baltimorecity.gov,kiesham.brice@baltimorecity.gov,Jason Chang
-8533080.8567,4767678.3227,61,61, , ,5154,Portable,0, ,0,2,7,0,2800 Blk Reisterstown Rd EB/WB,Baltimore,Final, , ,,,Frederick Douglass High School, , , ,0,0, ,0,1899/12/30 00:00:00+00, ,Phillip Mellerson,phillip.mellerson@baltimorecity.gov,kiesham.brice@baltimorecity.gov,Jason Chang
-8526009.9201,4771363.2476,62,62, , ,5155,Portable,0, ,0,1,3,0,1500 E. Cold Spring Lane EB/WB,Baltimore,Final, , ,,,Lois T. Murray Elementary / Middle School, , , ,0,0, ,0,1899/12/30 00:00:00+00, ,Phillip Mellerson,phillip.mellerson@baltimorecity.gov,kiesham.brice@baltimorecity.gov,Jason Chang
-8524534.6078,4767406.288,63,63, , ,5156,Portable,0, ,0,1,13,0,2400 Belair Rd SB/NB,Baltimore,Final, , ,,,AFYA Middle School, , , ,0,0, ,0,1899/12/30 00:00:00+00, ,Phillip Mellerson,phillip.mellerson@baltimorecity.gov,kiesham.brice@baltimorecity.gov,Jason Chang
-8521107.1943,4771920.0026,64,64, , ,5157,Portable,0, ,0,1,2,0,5900 blk Walther Ave. NB,Baltimore,Final, , ,1899/12/30 00:00:00+00,1899/12/30 00:00:00+00,Glenmount Elementary / Middle School, , , ,0,0, ,0,1899/12/30 00:00:00+00, ,Phillip Mellerson,phillip.mellerson@baltimorecity.gov,kiesham.brice@baltimorecity.gov,Jason Chang
-8526653.15,4772516.0648,65,65, , ,5158,Portable,0, ,0,1,4,0,1200 Blk Woodbourne WB,Baltimore,Final, , ,1899/12/30 00:00:00+00,1899/12/30 00:00:00+00,Chinquapin Middle School, , , ,0,0, ,0,1899/12/30 00:00:00+00, ,Phillip Mellerson,phillip.mellerson@baltimorecity.gov,kiesham.brice@baltimorecity.gov,Jason Chang
-8532518.5904,4767508.4773,66,66, , ,5159,Portable,0, ,0,2,7,0,3400 Blk Auchentoroly Terrace EB,Baltimore,Final, , ,1899/12/30 00:00:00+00,1899/12/30 00:00:00+00,Frederick Douglass High School, , , ,0,0, ,0,1899/12/30 00:00:00+00, ,Phillip Mellerson,phillip.mellerson@baltimorecity.gov,kiesham.brice@baltimorecity.gov,Jason Chang
-8532498.1215,4767511.7894,67,67, , ,5160,Portable,0, ,0,2,7,0,3400 Blk Auchentoroly Terrace WB,Baltimore,Final, , ,1899/12/30 00:00:00+00,1899/12/30 00:00:00+00,Frederick Douglass High School, , , ,0,0, ,0,1899/12/30 00:00:00+00, ,Phillip Mellerson,phillip.mellerson@baltimorecity.gov,kiesham.brice@baltimorecity.gov,Jason Chang
-8525648.0892,4763893.268,68,68, , ,5161,Portable,0, ,0,4,13,0,2100 E Fayette St EB,Baltimore,Final, , ,1899/12/30 00:00:00+00,1899/12/30 00:00:00+00,Com. John Rodgers Elementary / Middle School, , , ,0,0, ,0,1899/12/30 00:00:00+00, ,Phillip Mellerson,phillip.mellerson@baltimorecity.gov,kiesham.brice@baltimorecity.gov,Jason Chang
-8534660.125,4768068.9811,69,69, , ,5162,Portable,0, ,0,2,7,0,3100 Blk Liberty Heights Ave WB,Baltimore,Final, , ,1899/12/30 00:00:00+00,1899/12/30 00:00:00+00,Alternative Elementary School, , , ,0,0, ,0,1899/12/30 00:00:00+00, ,Phillip Mellerson,phillip.mellerson@baltimorecity.gov,kiesham.brice@baltimorecity.gov,Jason Chang
-8534645.8582,4768058.9986,70,70, , ,5163,Portable,0, ,0,2,7,0,3100 Blk Liberty Heights Ave EB,Baltimore,Final, , ,1899/12/30 00:00:00+00,1899/12/30 00:00:00+00,Alternative Elementary School, , , ,0,0, ,0,1899/12/30 00:00:00+00, ,Phillip Mellerson,phillip.mellerson@baltimorecity.gov,kiesham.brice@baltimorecity.gov,Jason Chang
-8530854.4317,4772444.5334,71,71, , ,5164,Portable,0, ,0,2,6,0,5100 Blk Roland Ave NB,Baltimore,Final, , ,1899/12/30 00:00:00+00,1899/12/30 00:00:00+00,Roland Park Elementary / Middle School / Roland Park Country School, , , ,0,0, ,0,1899/12/30 00:00:00+00, ,Phillip Mellerson,phillip.mellerson@baltimorecity.gov,kiesham.brice@baltimorecity.gov,Jason Chang
-8532324.4333,4763442.7679,72,72, , ,5165,Portable,0, ,0,3,9,0,200 Blk N Monroe St SB,Baltimore,Final, , ,1899/12/30 00:00:00+00,1899/12/30 00:00:00+00,Lockerman Bundy Elementary School, , , ,0,0, ,0,1899/12/30 00:00:00+00, ,Phillip Mellerson,phillip.mellerson@baltimorecity.gov,kiesham.brice@baltimorecity.gov,Jason Chang
-8533174.7333,4774523.8195,73,73, , ,5166,Portable,0, ,0,2,5,0,5900 blk Smith Ave SB,Baltimore,Final, , ,,,Mt. Washington Elementary / Middle School, , , ,0,0, ,0,, ,Phillip Mellerson,phillip.mellerson@baltimorecity.gov,kiesham.brice@baltimorecity.gov,Jason Chang
-8536180.6103,4768239.0484,74,74, , ,5167,Portable,0, ,0,2,6,0,3200 blk Garrison Blvd SB,Baltimore,Final, , ,,,Liberty Elementary School, , , ,0,0, ,0,, ,Phillip Mellerson,phillip.mellerson@baltimorecity.gov,kiesham.brice@baltimorecity.gov,Jason Chang
-8526802.1519,4772504.3256,75,75, , ,5168,Portable,0, ,0,1,4,0,1200 Blk Woodbourne Ave EB,Baltimore,Final, , ,,,Northwood Elementary School, , , ,0,0, ,0,, ,Phillip Mellerson,phillip.mellerson@baltimorecity.gov,kiesham.brice@baltimorecity.gov,Jason Chang
-8520798.4557,4762072.1299,76,76, , ,5169,Portable,0, ,0,4,1,0,6100 Blk O'Donnell St WB,Baltimore,Final, , ,,,Graceland Park/ O'Donnell Heights Elementary / Middle School, , , ,0,0, ,0,, ,Phillip Mellerson,phillip.mellerson@baltimorecity.gov,kiesham.brice@baltimorecity.gov,Jason Chang
-8524097.7778,4772488.8149,77,77, , ,5170,Portable,0, ,0,1,3,0,2000 blk Echodale Ave EB,Baltimore,Final, , ,,,Garrett Heights Elementary / Middle School, , , ,0,0, ,0,, ,Phillip Mellerson,phillip.mellerson@baltimorecity.gov,kiesham.brice@baltimorecity.gov,Jason Chang
-8525700.8607,4770635.6298,78,78, , ,5171,Portable,0, ,0,1,3,0,4100 Hillen Road SB,Baltimore,Final, , ,,,Lois T. Murray Elementary / Middle School, , , ,0,0, ,0,, ,Phillip Mellerson,phillip.mellerson@baltimorecity.gov,kiesham.brice@baltimorecity.gov,Jason Chang
-8525668.9031,4770620.5828,79,79, , ,5172,Portable,0, ,0,1,3,0,4100 Hillen Road NB,Baltimore,Final, , ,,,Lois T. Murray Elementary / Middle School, , , ,0,0, ,0,, ,Phillip Mellerson,phillip.mellerson@baltimorecity.gov,kiesham.brice@baltimorecity.gov,Jason Chang
-8535071.525,4768083.2554,80,80, , ,5173, ,0, ,0,2,7,0,3300 blk Hilton Street NB,Baltimore,Final, , ,,,Hilton Elementary School, , , ,0,0, ,0,, ,Phillip Mellerson,phillip.mellerson@baltimorecity.gov,kiesham.brice@baltimorecity.gov,Jason Chang
-8535214.3559,4767686.4239,81,81, , ,5174,Portable,0, ,0,2,7,0,3000 blk Hilton Street SB,Baltimore,Final, , ,,,Hilton Elementary School, , , ,0,0, ,0,, ,Phillip Mellerson,phillip.mellerson@baltimorecity.gov,kiesham.brice@baltimorecity.gov,Jason Chang
-8520336.4301,4767132.0083,82,82, , ,5175,Portable,0, ,0,4,2,0,6300 Frankford Ave NB,Baltimore,Final, , ,,,Moravia Park Elementary School, , , ,0,0, ,0,, ,Phillip Mellerson,phillip.mellerson@baltimorecity.gov,kiesham.brice@baltimorecity.gov,Jason Chang
-8520519.8391,4768457.5903,83,83, , ,5176,Portable,0, ,0,1,2,0,5200 Frankford Ave SB,Baltimore,Final, , ,,,Moravia Park Elementary School, , , ,0,0, ,0,, ,Phillip Mellerson,phillip.mellerson@baltimorecity.gov,kiesham.brice@baltimorecity.gov,Jason Chang
-8529717.6522,4772594.9949,84,84, , ,5177,Portable,0, ,0,2,4,0,5000 blk North Charles St NB,Baltimore,Final, , ,,,Roland Park Elementary / Middle School, , , ,0,0, ,0,, ,Phillip Mellerson,phillip.mellerson@baltimorecity.gov,kiesham.brice@baltimorecity.gov,Jason Chang
-8529809.7709,4773121.6277,85,85, , ,5178, ,0, ,0,2,4,0,5200 blk North Charles St SB,Baltimore,Final, , ,,,Roland Park Elementary / Middle School, , , ,0,0, ,0,, ,Phillip Mellerson,phillip.mellerson@baltimorecity.gov,kiesham.brice@baltimorecity.gov,Jason Chang
-8521489.6975,4770382.9715,86,86, , ,5179,Portable,0, ,0,1,2,0,5400- 5700 blk Belair Road EB,Baltimore,Final, , ,,,Gardenville Elementary School, , , ,0,0, ,0,, ,Phillip Mellerson,phillip.mellerson@baltimorecity.gov,kiesham.brice@baltimorecity.gov,Jason Chang
-8521523.9079,4770387.3949,87,87, , ,5180,Portable,0, ,0,1,2,0,5500 - 5700 blk Belair Road WB,Baltimore,Final, , ,,,Gardenville Elementary School, , , ,0,0, ,0,, ,Phillip Mellerson,phillip.mellerson@baltimorecity.gov,kiesham.brice@baltimorecity.gov,Jason Chang
-8535101.8126,4762477.3823,88,88, , ,5181,Portable,0, ,0,3,9,0,100 – 200 blk South Hilton St NB,Baltimore,Final, , ,,,Green St Acad. Middle / High School, , , ,0,0, ,0,, ,Phillip Mellerson,phillip.mellerson@baltimorecity.gov,kiesham.brice@baltimorecity.gov,Jason Chang
-8535125.1426,4762500.0749,89,89, , ,5182,Portable,0, ,0,3,8,0,100 – 200 blk South Hilton St SB,Baltimore,Final, , ,,,Green St Acad. Middle / High School, , , ,0,0, ,0,, ,Phillip Mellerson,phillip.mellerson@baltimorecity.gov,kiesham.brice@baltimorecity.gov,Jason Chang
-8535205.8122,4770616.3696,90,90, , ,5183,Portable,0, ,0,2,6,0,4600 to 4700 Blk Reisterstown Road NB,Baltimore,Final, , ,,,Callaway Elementary School, , , ,0,0, ,0,, ,Phillip Mellerson,phillip.mellerson@baltimorecity.gov,kiesham.brice@baltimorecity.gov,Jason Chang
-8535238.4109,4770606.3039,91,91, , ,5184, ,0, ,0,2,6,0,4600 to 4700 Blk Reisterstown Road SB,Baltimore,Final, , ,,,Callaway Elementary School, , , ,0,0, ,0,, ,Phillip Mellerson,phillip.mellerson@baltimorecity.gov,kiesham.brice@baltimorecity.gov,Jason Chang
-8531565.7314,4763896.2576,92,92, , ,5185,Portable,0, ,0,3,9,0,1300 – 1400 West Franklin St.  WB,Baltimore,Final, , ,,,BDJ West Middle / High School, , , ,0,0, ,0,, ,Phillip Mellerson,phillip.mellerson@baltimorecity.gov,kiesham.brice@baltimorecity.gov,Jason Chang
-8531531.2293,4763757.041,93,93, , ,5186,Portable,0, ,0,3,9,0,1300 to 1400 blk West Mulberry St. EB,Baltimore,Final, , ,,,Franklin Square Elementary / Middle School, , , ,0,0, ,0,, ,Phillip Mellerson,phillip.mellerson@baltimorecity.gov,kiesham.brice@baltimorecity.gov,Jason Chang
-8525278.8821,4771822.867,94,94, , ,5187, ,0, ,0,1,3,0,5100 blk Perring Parkway SB,Baltimore,Final, , ,,,Lois T. Murray Elementary / Middle School, , , ,0,0, ,0,, ,Phillip Mellerson,phillip.mellerson@baltimorecity.gov,kiesham.brice@baltimorecity.gov,Jason Chang
-8525532.3696,4771374.1004,95,95, , ,5188,Portable,0, ,0,1,3,0,4600 blk Hillen Rd NB,Baltimore,Final, , ,,,Lois T. Murray Elementary / Middle School, , , ,0,0, ,0,, ,Phillip Mellerson,phillip.mellerson@baltimorecity.gov,kiesham.brice@baltimorecity.gov,Jason Chang
-8533030.1074,4774499.7956,96,96, , ,5189, ,0, ,0,2,5,0,5700 Smith Ave NW,Baltimore,Final, , ,,,Mt. Washington Elementary / Middle School, , , ,0,0, ,0,, ,Phillip Mellerson,phillip.mellerson@baltimorecity.gov,kiesham.brice@baltimorecity.gov,Jason Chang
-8534101.9572,4769461.2295,97,97, , ,5190,Fixed,0, ,0,2,6,0,3900 Reisterstown Road NB,Baltimore,Final, , ,,,Creative City Elementary School, , , ,0,0, ,0,, ,Phillip Mellerson,phillip.mellerson@baltimorecity.gov,kiesham.brice@baltimorecity.gov,Jason Chang
-8534358.9538,4769859.1087,98,98, , ,5191,Fixed,0, ,0,2,6,0,4124 Reisterstown Road SB,Baltimore,Final, , ,,,Creative City Elementary School, , , ,0,0, ,0,, ,Phillip Mellerson,phillip.mellerson@baltimorecity.gov,kiesham.brice@baltimorecity.gov,Jason Chang
-8536096.1873,4768613.3089,99,99, , ,5192, ,0, ,0,2,6,0,3800 Liberty Heights Ave WB,Baltimore,Final, , ,,,Liberty Elementary School, , , ,0,0, ,0,, ,Phillip Mellerson,phillip.mellerson@baltimorecity.gov,kiesham.brice@baltimorecity.gov,Jason Chang
-8527985.3045,4755844.9025,100,100, , ,5193,Fixed,0, ,0,3,10,0,220 East Patapsco Ave WB,Baltimore,Final, , ,,,Maree Garnett Farring Elementary School, , , ,0,0, ,0,, ,Phillip Mellerson,phillip.mellerson@baltimorecity.gov,kiesham.brice@baltimorecity.gov,Jason Chang
-8519672.3434,4764018.5065,101,101, , ,5194,Portable,0, ,0,4,1,0,100 blk Kane St SB,Baltimore,Final, , ,,,Patterson High School, , , ,0,0, ,0,, ,Phillip Mellerson,phillip.mellerson@baltimorecity.gov,kiesham.brice@baltimorecity.gov,Jason Chang
-8533677.468,4769063.7191,102,102, , ,5195,Portable,0, ,0,2,6,0,3400-3800 blk Park Heights Ave NB,Baltimore,Final, , ,,,Creative City Elementary School, , , ,0,0, ,0,, ,Phillip Mellerson,phillip.mellerson@baltimorecity.gov,kiesham.brice@baltimorecity.gov,Jason Chang
-8533686.581,4769059.1869,103,103, , ,5196,Portable,0, ,0,2,6,0,3400-3800 blk Park Heights Ave SB,Baltimore,Final, , ,,,Creative City Elementary School, , , ,0,0, ,0,, ,Phillip Mellerson,phillip.mellerson@baltimorecity.gov,kiesham.brice@baltimorecity.gov,Jason Chang
-8527234.0402,4763004.9929,104,104, , ,5197,Portable,0, ,0,4,12,0,1000-1100 blk East Pratt St EB,Baltimore, , , ,,,City Springs Elementary / Middle School, , , ,0,0, ,0,, ,Phillip Mellerson,phillip.mellerson@baltimorecity.gov,kiesham.brice@baltimorecity.gov,Jason Chang
-8538621.4255,4773959.466,105,105, , ,5198,Portable,0, ,0,2,5,0,3600-4000 blk Fallstaff Rd  EB,Baltimore,Final, , ,,,Fallstaff Elementary / Middle School, , , ,0,0, ,0,, ,Phillip Mellerson,phillip.mellerson@baltimorecity.gov,kiesham.brice@baltimorecity.gov,Jason Chang
-8538639.1594,4773948.5483,106,106, , ,5199,Portable,0, ,0,2,5,0,3600-4000 blk Fallstaff Rd WB,Baltimore,Final, , ,,,Fallstaff Elementary / Middle School, , , ,0,0, ,0,, ,Phillip Mellerson,phillip.mellerson@baltimorecity.gov,kiesham.brice@baltimorecity.gov,Jason Chang
-8538892.6594,4774452.9141,107,107, , ,5200, ,0, ,0,2,5,0,6900 to 7400 blk Park Heights Ave WB,Baltimore, , , ,,,Fallstaff Elementary / Middle School, , , ,0,0, ,0,, ,Phillip Mellerson,phillip.mellerson@baltimorecity.gov,kiesham.brice@baltimorecity.gov,Jason Chang
-8538893.5856,4774466.6968,108,108, , ,5201, ,0, ,0,2,5,0,6900 to 7400 blk Park Heights Ave EB,Baltimore, , , ,,,Fallstaff Elementary / Middle School, , , ,0,0, ,0,, ,Phillip Mellerson,phillip.mellerson@baltimorecity.gov,kiesham.brice@baltimorecity.gov,Jason Chang
-8537193.6241,4770905.1559,109,109, , ,5202,Portable,0, ,0,2,6,0,5300-5500 blk Wabash Ave WB,Baltimore,Final, , ,,,McMechen High School, , , ,0,0, ,0,, ,Phillip Mellerson,phillip.mellerson@baltimorecity.gov,kiesham.brice@baltimorecity.gov,Jason Chang
-8537193.1203,4770883.0912,110,110, , ,5203,Portable,0, ,0,2,6,0,5300-5500 blk Wabash Ave EB,Baltimore,Final, , ,,,McMechen High School, , , ,0,0, ,0,, ,Phillip Mellerson,phillip.mellerson@baltimorecity.gov,kiesham.brice@baltimorecity.gov,Jason Chang
-8526375.7156,4766483.184,111,111, , ,5204,Portable,0, ,0,4,12,0,1400-1900 blk East North Avenue EB,Baltimore,Final, , ,,,Harford Heights Elementary School, , , ,0,0, ,0,, ,Phillip Mellerson,phillip.mellerson@baltimorecity.gov,kiesham.brice@baltimorecity.gov,Jason Chang
-8526358.5361,4766493.1558,112,112, , ,5205,Portable,0, ,0,1,12,0,1400-1900 blk East North Avenue WB,Baltimore,Final, , ,,,Harford Heights Elementary School, , , ,0,0, ,0,, ,Phillip Mellerson,phillip.mellerson@baltimorecity.gov,kiesham.brice@baltimorecity.gov,Jason Chang
-8535169.1629,4766967.7067,113,113, , ,5206,Portable,0, ,0,2,7,0,2500 blk Hilton Street NB,Baltimore,Final, , ,,,Hilton Elementary School, , , ,0,0, ,0,, ,Phillip Mellerson,phillip.mellerson@baltimorecity.gov,kiesham.brice@baltimorecity.gov, 
-8538919.3921,4766566.9908,114,114, , ,5207,Portable,0, ,0,3,8,0,2200 blk North Forest Park Ave Sb,Baltimore,Final, , ,,,Dickey Hill Elementary School, , , ,0,0, ,0,, ,Phillip Mellerson,phillip.mellerson@baltimorecity.gov,kiesham.brice@baltimorecity.gov, 
-8539024.4111,4766263.5821,115,115, , ,5208,Portable,0, ,0,3,8,0,2100 blk North Forest Park Ave NB,Baltimore,Final, , ,,,Dickey Hill Elementary School, , , ,0,0, ,0,, ,Phillip Mellerson,phillip.mellerson@baltimorecity.gov,kiesham.brice@baltimorecity.gov, 
-8523458.1564,4772355.7284,116,116, , ,5209,Portable,0, ,0,1,3,0,2500-2900 blk Echodale Ave EB,Baltimore,Final, , ,,,Garrett Heights School, , , ,0,0, ,0,, ,Phillip Mellerson,phillip.mellerson@baltimorecity.gov,kiesham.brice@baltimorecity.gov, 
-8523464.9502,4772364.3381,117,117, , ,5210,Portable,0, ,0,1,3,0,2500-2900 blk Echodale Ave WB,Baltimore,Final, , ,,,Garrett Heights School, , , ,0,0, ,0,, ,Phillip Mellerson,phillip.mellerson@baltimorecity.gov,kiesham.brice@baltimorecity.gov, 
-8524999.9067,4766028.1213,118,118, , ,5211,Portable,0, ,0,4,13,0,2600 blk Federal St EB,Baltimore,Final, , ,,,Lakewood Elementary School, , , ,0,0, ,0,, ,Phillip Mellerson,phillip.mellerson@baltimorecity.gov,kiesham.brice@baltimorecity.gov, 
-8524371.8877,4766062.9275,119,119, , ,5212,Portable,0, ,0,4,13,0,3000 blk Federal St WB,Baltimore,Final, , ,,,Fort Worthington Elementary, , , ,0,0, ,0,, ,Phillip Mellerson,phillip.mellerson@baltimorecity.gov,kiesham.brice@baltimorecity.gov, 
-8527283.367,4768071.0217,120,120, , ,5213,Portable,0, ,0,1,14,0,3000 Loch Raven SB,Baltimore,Final, , ,,,Coldstream Park Elementary School, , , ,0,0, ,0,, ,Phillip Mellerson,phillip.mellerson@baltimorecity.gov,kiesham.brice@baltimorecity.gov, 
-8526980.0128,4770102.5951,121,121, , ,5214,Portable,0, ,0,1,14,0,4000 blk The Alameda SB,Baltimore,Final, , ,,,Waverly Elementary School, , , ,0,0, ,0,, ,Phillip Mellerson,phillip.mellerson@baltimorecity.gov,kiesham.brice@baltimorecity.gov, 
-8534306.8719,4767279.3291,122,122, , ,5215,Portable,0, ,0,2,7,0,2600 blk North Dukeland Street NB,Baltimore,Final, , ,,,Gwynns Falls Elementary School, , , ,0,0, ,0,, ,Phillip Mellerson,phillip.mellerson@baltimorecity.gov,kiesham.brice@baltimorecity.gov, 
-8534317.8614,4767262.9093,123,123, , ,5216,Portable,0, ,0,2,7,0,2600 blk North Dukeland Street SB,Baltimore,Final, , ,,,Gwynns Falls Elementary School, , , ,0,0, ,0,, ,Phillip Mellerson,phillip.mellerson@baltimorecity.gov,kiesham.brice@baltimorecity.gov, 
-8533899.9411,4766076.33,124,124, , ,5217,Portable,0, ,0,2,7,0,2700 blk West North Ave WB,Baltimore,Final, , ,,,William S Baer School, , , ,0,0, ,0,, ,Phillip Mellerson,phillip.mellerson@baltimorecity.gov,kiesham.brice@baltimorecity.gov, 
-8536102.5416,4768101.0256,125,125, , ,5218,Portable,0, ,0,2,6,0,3100 blk Garrison Blvd SB,Baltimore,Final, , ,,,Liberty Elementary School, , , ,0,0, ,0,, ,Phillip Mellerson,phillip.mellerson@baltimorecity.gov,kiesham.brice@baltimorecity.gov, 
-8536171.1846,4768242.5629,126,126, , ,5219,Portable,0, ,0,2,6,0,3200 blk Garrison Blvd NB,Baltimore,Final, , ,,,Liberty Elementary School, , , ,0,0, ,0,, ,Phillip Mellerson,phillip.mellerson@baltimorecity.gov,kiesham.brice@baltimorecity.gov, 
-8520987.9204,4771983.8221,127,127, , ,5220,Portable,0, ,0,1,2,0,6000 Walther Ave NB,Baltimore,Final, , ,,,Glenmount Elementary / Middle School, , , ,0,0, ,0,, ,Phillip Mellerson,phillip.mellerson@baltimorecity.gov,kiesham.brice@baltimorecity.gov, 
-8527241.1317,4768838.0785,128,128, , ,5221,Portable,0, ,0,1,14,0,1100 blk 33rd St WB,Baltimore,Final, , ,,,Waverly Elementary / Middle School, , , ,0,0, ,0,, ,Phillip Mellerson,phillip.mellerson@baltimorecity.gov,kiesham.brice@baltimorecity.gov, 
-8529089.5228,4769427.4448,129,129, , ,5222,Portable,0, ,0,2,14,0,000 Blk W. University Pkwy EB,Baltimore,Final, , ,,,Barclay PK-8, , , ,0,0, ,0,, ,Phillip Mellerson,phillip.mellerson@baltimorecity.gov,kiesham.brice@baltimorecity.gov, 
-8529084.7408,4769443.6827,130,130, , ,5223,Portable,0, ,0,2,14,0,000 Blk W. University Pkwy WB,Baltimore,Final, , ,,,Barclay PK-8, , , ,0,0, ,0,, ,Phillip Mellerson,phillip.mellerson@baltimorecity.gov,kiesham.brice@baltimorecity.gov, 
-8526076.934,4764845.398,131,131, , ,5224,Portable,0, ,0,4,13,0,900 blk N. Wolfe St SB,Baltimore,Final, , ,,,Fort Worthington Elementary School, , , ,0,0, ,0,, ,Phillip Mellerson,phillip.mellerson@baltimorecity.gov,kiesham.brice@baltimorecity.gov, 
-8527362.882,4767971.1884,132,132, , ,5225,Portable,0, ,0,1,14,0,2900 blk Loch Raven NB,Baltimore,Final, , ,,,Coldstream Park Elementary School, , , ,0,0, ,0,, ,Phillip Mellerson,phillip.mellerson@baltimorecity.gov,kiesham.brice@baltimorecity.gov, 
-8539207.8208,4761669.0306,133,133, , ,5226,Portable,0, ,0,3,8,0,5500 blk Frederick Ave EB,Baltimore,Final, , ,,,North Bend PK-8, , , ,0,0, ,0,, ,Phillip Mellerson,phillip.mellerson@baltimorecity.gov,kiesham.brice@baltimorecity.gov, 
-8539152.0988,4761694.4202,134,135, , ,5227,Portable,0, ,0,3,8,0,5400 blk Frederick Ave WB,Baltimore,Final, , ,,,North Bend PK-8, , , ,0,0, ,0,, ,Phillip Mellerson,phillip.mellerson@baltimorecity.gov,kiesham.brice@baltimorecity.gov, 
-8525881.76,4764065.6395,135,136, , ,5228,Portable,0, ,0,4,13,0,2000 blk Orleans St WB,Baltimore,Final, , ,,,Commodore John Rodgers PK-8, , , ,0,0, ,0,, ,Phillip Mellerson,phillip.mellerson@baltimorecity.gov,kiesham.brice@baltimorecity.gov, 
-8525876.3124,4764062.1867,136,137, , ,5229,Portable,0, ,0,4,13,0,2000 blk Orleans St EB,Baltimore,Final, , ,,,Commodore John Rodgers PK-8, , , ,0,0, ,0,, ,Phillip Mellerson,phillip.mellerson@baltimorecity.gov,kiesham.brice@baltimorecity.gov, 
-8533270.6987,4769486.0557,137,138, , ,5230,Portable,0, ,0,2,7,0,3700 blk Greenspring Ave NB,Baltimore,Final, , ,,,"Dr. Martin Luther King, Jr. PK-8", , , ,0,0, ,0,, ,Phillip Mellerson,phillip.mellerson@baltimorecity.gov,kiesham.brice@baltimorecity.gov, 
-8533270.7502,4769472.336,138,139, , ,5231,Portable,0, ,0,2,7,0,3700 blk Greenspring Ave SB,Baltimore,Final, , ,,,"Dr. Martin Luther King, Jr. PK-8", , , ,0,0, ,0,, ,Phillip Mellerson,phillip.mellerson@baltimorecity.gov,kiesham.brice@baltimorecity.gov, 
-8531038.8653,4771361.6698,139,140, , ,5232,Portable,0, ,0,2,6,0,4600 blk Roland Ave NB,Baltimore,Final, , ,,,Roland Park Elementary / Middle School, , , ,0,0, ,0,, ,Phillip Mellerson,phillip.mellerson@baltimorecity.gov,kiesham.brice@baltimorecity.gov, 
-8531058.3695,4771354.5438,140,141, , ,5233,Portable,0, ,0,2,6,0,4600 blk Roland Ave SB,Baltimore,Final, , ,,,Roland Park Elementary / Middle School, , , ,0,0, ,0,, ,Phillip Mellerson,phillip.mellerson@baltimorecity.gov,kiesham.brice@baltimorecity.gov, 
-8526535.1182,4767162.3978,141,142, , ,5234,Portable,0, ,0,1,14,0,2500 blk Harford Rd NB,Baltimore,Final, , ,,,Harford Heights Elementary School, , , ,0,0, ,0,, ,Phillip Mellerson,phillip.mellerson@baltimorecity.gov,kiesham.brice@baltimorecity.gov, 
-8526242.4036,4767525.5788,142,143, , ,5235,Portable,0, ,0,1,14,0,2600 blk Harford Rd SB,Baltimore,Final, , ,,,Harford Heights Elementary School, , , ,0,0, ,0,, ,Phillip Mellerson,phillip.mellerson@baltimorecity.gov,kiesham.brice@baltimorecity.gov, 
-8527974.7673,4765276.5037,143,144, , ,5236,Portable,0, ,0,4,12,0,600 blk E. Biddle St EB,Baltimore,Final, , ,,,Johnston Square Elementary School, , , ,0,0, ,0,, ,Phillip Mellerson,phillip.mellerson@baltimorecity.gov,kiesham.brice@baltimorecity.gov, 
-8523724.0678,4767289.5759,144,145, , ,5237,Portable,0, ,0,1,13,0,3600 blk Erdman Ave NB,Baltimore,Final, , ,,,Brehms Lane Elementary School, , , ,0,0, ,0,, ,Phillip Mellerson,phillip.mellerson@baltimorecity.gov,kiesham.brice@baltimorecity.gov, 
-8523740.3151,4767284.5089,145,146, , ,5238,Portable,0, ,0,1,13,0,3600 blk Erdman Ave SB,Baltimore,Final, , ,,,Brehms Lane Elementary School, , , ,0,0, ,0,, ,Phillip Mellerson,phillip.mellerson@baltimorecity.gov,kiesham.brice@baltimorecity.gov, 
-8527676.8348,4773810.6355,146,147, , ,5239,Portable,0, ,0,1,4,0,800 blk E. Belvedere Ave WB,Baltimore,Final, , ,,,Govans Elementary School, , , ,0,0, ,0,, ,Phillip Mellerson,phillip.mellerson@baltimorecity.gov,kiesham.brice@baltimorecity.gov, 
-8527680.269,4773806.7901,147,148, , ,5240,Portable,0, ,0,1,4,0,800 blk E. Belvedere Ave EB,Baltimore,Final, , ,,,Govans Elementary School, , , ,0,0, ,0,, ,Phillip Mellerson,phillip.mellerson@baltimorecity.gov,kiesham.brice@baltimorecity.gov, 
-8527787.3774,4765441.3893,148,149, , ,5244,Portable,0, ,0,4,12,0,800 blk E. Preston St WB,Baltimore,Final, , ,,,Johnston Square PK-5, , , ,0,0, ,0,, ,Phillip Mellerson,phillip.mellerson@baltimorecity.gov,kiesham.brice@baltimorecity.gov, 
-8535633.8218,4767240.2347,149,151, , ,5245,Portable,0, ,0,2,6,0,2600 Garrison Blvd SB,Baltimore,Final, , ,,,Hilton Elementary School, , , ,0,0, ,0,, ,Phillip Mellerson,phillip.mellerson@baltimorecity.gov,kiesham.brice@baltimorecity.gov, 
-8535630.0649,4767240.2213,150,152, , ,5246,Portable,0, ,0,2,6,0,2600 Garrison Blvd NB,Baltimore,Final, , ,,,Hilton Elementary School, , , ,0,0, ,0,, ,Phillip Mellerson,phillip.mellerson@baltimorecity.gov,kiesham.brice@baltimorecity.gov, 
